date,steps,distance,runDistance,calories
2018-12-17,213,139,66,10
2018-12-18,5082,3685,83,123
2018-12-19,19235,13730,284,451
2018-12-20,3230,2372,98,85
2018-12-21,1310,1001,35,40
2018-12-22,12889,9433,439,319
2018-12-23,3922,2804,84,98
2018-12-24,26605,19468,536,660
2018-12-25,8963,6357,1294,223
2018-12-26,7448,5141,434,179
2018-12-27,2152,1609,14,59
2018-12-28,16784,11705,311,386
2018-12-29,1000,654,48,22
2018-12-30,2854,1967,129,70
2018-12-31,5029,3476,181,116
2019-01-01,6965,4602,384,154
2019-01-02,9722,6383,492,214
2019-01-03,6756,4614,278,151
2019-01-04,11722,8556,323,298
2019-01-05,12890,8870,434,293
2019-01-06,16754,12318,481,445
2019-01-07,11959,8743,379,311
2019-01-08,16273,11730,282,392
2019-01-09,11269,8162,311,284
2019-01-10,16112,11672,334,403
2019-01-11,14501,10358,286,343
2019-01-12,9322,6795,195,228
2019-01-13,8205,5924,219,200
2019-01-14,10610,7553,273,253
2019-01-15,15434,11063,551,373
2019-01-16,17806,13348,296,482
2019-01-17,15221,10890,304,374
2019-01-18,12251,8460,382,278
2019-01-19,8768,6194,407,214
2019-01-20,1161,759,167,33
2019-01-21,4004,2875,209,107
2019-01-22,11757,8457,507,291
2019-01-23,14827,10511,317,342
2019-01-24,18469,13175,364,441
2019-01-25,2507,1791,63,64
2019-01-26,15627,10791,852,347
2019-01-27,1146,749,116,32
2019-01-28,16107,11250,736,382
2019-01-29,12613,8963,599,304
2019-01-30,10235,7545,423,268
2019-01-31,14262,10651,506,366
2019-02-01,13266,9520,647,337
2019-02-02,3417,2571,90,94
2019-02-03,4199,3037,106,106
2019-02-04,5731,3755,196,125
2019-02-05,12495,8953,411,301
2019-02-06,10278,7675,480,286
2019-02-07,13227,9400,702,322
2019-02-08,18184,13141,629,445
2019-02-09,1287,847,55,30
2019-02-10,16830,12085,1744,423
2019-02-11,13246,9448,452,325
2019-02-12,10168,7382,490,252
2019-02-13,11581,8500,1206,317
2019-02-14,10855,7712,242,258
2019-02-15,13906,9804,218,322
2019-02-16,1373,924,129,35
2019-02-17,3047,2194,111,81
2019-02-18,12728,9319,411,317
2019-02-19,16210,11815,817,407
2019-02-20,13917,10310,499,366
2019-02-21,10414,7344,515,252
2019-02-22,16404,12219,400,438
2019-02-23,2157,1411,207,53
2019-02-24,1966,1475,75,56
2019-02-25,11110,8164,462,284
2019-02-26,11407,8192,430,279
2019-02-27,9297,6709,983,245
2019-02-28,20415,15065,490,515
2019-03-01,16928,12387,467,440
2019-03-02,1963,1414,54,52
2019-03-03,933,610,110,28
2019-03-04,13832,10281,316,364
2019-03-05,13993,9953,651,339
2019-03-06,11354,8291,355,288
2019-03-07,16848,12030,473,399
2019-03-08,16275,11436,546,375
2019-03-09,692,453,129,23
2019-03-10,5124,3533,132,120
2019-03-11,16330,11752,508,410
2019-03-12,17790,12810,503,431
2019-03-13,12580,9107,744,320
2019-03-14,10864,7816,320,269
2019-03-15,17055,12302,391,419
2019-03-16,19318,13789,683,467
2019-03-17,2473,1791,137,68
2019-03-18,2269,1577,170,63
2019-03-19,14306,10309,464,349
2019-03-20,12252,9132,301,332
2019-03-21,15261,10931,430,369
2019-03-22,16833,12247,545,430
2019-03-23,750,490,137,23
2019-03-24,4405,3221,174,125
2019-03-25,12085,8759,586,308
2019-03-26,17245,12164,1191,419
2019-03-27,8801,6140,579,212
2019-03-28,16606,12087,357,413
2019-03-29,20775,15110,727,540
2019-03-30,7605,5307,396,196
2019-03-31,2059,1401,185,53
2019-04-01,14272,10451,268,364
2019-04-02,19052,13383,525,437
2019-04-03,11988,8438,631,291
2019-04-04,13749,10038,424,356
2019-04-05,15366,11323,273,392
2019-04-06,916,621,64,26
2019-04-07,3853,2846,239,108
2019-04-08,14162,10237,361,359
2019-04-09,20111,14129,438,466
2019-04-10,9936,7141,474,247
2019-04-11,23000,16825,343,563
2019-04-12,16109,11286,853,385
2019-04-13,1951,1364,113,53
2019-04-14,3743,2752,96,101
2019-04-15,2692,1830,176,65
2019-04-16,18900,13813,675,486
2019-04-17,1236,840,88,33
2019-04-18,1260,824,110,31
2019-04-19,1275,907,86,36
2019-04-20,2342,1662,135,62
2019-04-21,7792,5340,379,184
2019-04-22,11055,7855,686,275
2019-04-23,15874,11191,631,365
2019-04-24,7081,5053,453,186
2019-04-25,10825,7729,630,264
2019-04-26,16313,12048,616,431
2019-04-27,1814,1320,145,52
2019-04-28,1712,1183,100,46
2019-04-29,10993,7923,651,279
2019-04-30,15173,10859,1325,369
2019-05-01,190,124,25,6
2019-05-02,12784,9184,629,316
2019-05-03,10210,7155,428,240
2019-05-04,13057,9453,435,334
2019-05-05,7022,4712,268,156
2019-05-06,13891,9841,967,336
2019-05-07,19988,14284,851,483
2019-05-08,13206,9564,485,336
2019-05-09,15739,11081,862,365
2019-05-10,4713,3422,122,123
2019-05-11,2599,1849,145,68
2019-05-12,2073,1357,236,51
2019-05-13,9020,6436,295,226
2019-05-14,15984,11652,780,407
2019-05-15,2671,1930,71,69
2019-05-16,1686,1113,66,41
2019-05-17,668,437,88,20
2019-05-18,6077,4409,251,153
2019-05-19,3166,2297,173,88
2019-05-20,7966,5666,269,197
2019-05-21,16472,11460,571,383
2019-05-22,10381,7588,440,282
2019-05-23,13883,9801,784,335
2019-05-24,13414,9392,721,315
2019-05-25,13476,9473,533,333
2019-05-26,1997,1420,105,54
2019-05-27,13867,9843,587,337
2019-05-28,16701,11980,433,402
2019-05-29,16273,11630,563,400
2019-05-30,14323,9942,650,334
2019-05-31,14016,10379,833,387
2019-06-01,696,455,71,20
2019-06-02,1588,1153,62,46
2019-06-03,22904,16541,678,569
2019-06-04,18232,13112,995,446
2019-06-05,15597,11262,584,391
2019-06-06,22636,16698,1153,581
2019-06-07,14251,10305,882,363
2019-06-08,11091,7629,360,254
2019-06-09,7295,4988,166,168
2019-06-10,678,443,88,20
2019-06-11,15700,12093,272,449
2019-06-12,10019,7526,126,276
2019-06-13,3924,2905,132,104
2019-06-14,15314,10604,408,344
2019-06-15,3589,2469,172,86
2019-06-16,4261,3052,208,116
2019-06-17,14972,10661,592,363
2019-06-18,14775,10836,428,387
2019-06-19,15997,11439,397,391
2019-06-20,15423,10942,632,381
2019-06-21,10836,7611,576,261
2019-06-22,915,610,132,26
2019-06-23,896,586,113,28
2019-06-24,25442,18379,686,620
2019-06-25,19838,14538,500,502
2019-06-26,15353,11344,424,404
2019-06-27,22364,15842,655,542
2019-06-28,15982,11594,391,395
2019-06-29,1308,891,109,33
2019-06-30,2535,1785,98,68
2019-07-01,4247,3265,66,123
2019-07-02,14359,10393,953,358
2019-07-03,2501,1671,98,53
2019-07-04,2601,1778,106,65
2019-07-05,17430,12009,486,389
2019-07-06,1470,961,124,37
2019-07-07,1225,825,103,33
2019-07-08,863,564,189,25
2019-07-09,19323,13642,432,467
2019-07-10,16509,11419,710,375
2019-07-11,12855,9154,934,322
2019-07-12,14208,10057,679,352
2019-07-13,1966,1286,179,49
2019-07-14,11100,7778,358,250
2019-07-15,6660,4905,94,171
2019-07-16,1946,1399,107,52
2019-07-17,9969,7343,155,258
2019-07-18,1868,1222,168,46
2019-07-19,1946,1341,61,48
2019-07-20,8349,5670,254,188
2019-07-21,2371,1701,194,64
2019-07-22,7379,5429,367,200
2019-07-23,1784,1230,118,45
2019-07-24,1178,847,73,36
2019-07-25,2798,1948,100,69
2019-07-26,10889,7514,311,246
2019-07-27,437,286,28,13
2019-07-28,988,671,41,24
2019-07-29,5085,3692,350,136
2019-07-30,1969,1452,122,58
2019-07-31,14917,10829,580,379
2019-08-01,496,324,96,14
2019-08-02,16519,11670,762,382
2019-08-03,15366,11026,520,362
2019-08-04,2025,1416,143,53
2019-08-05,27257,19688,548,639
2019-08-06,15754,11568,281,390
2019-08-07,16187,11861,573,395
2019-08-08,13564,9786,769,328
2019-08-09,31832,23625,1374,829
2019-08-10,1323,936,106,38
2019-08-11,3024,2166,119,76
2019-08-12,19085,13760,1296,470
2019-08-13,14217,10299,466,351
2019-08-14,15783,11442,696,391
2019-08-15,16162,11739,745,409
2019-08-16,19912,14497,603,485
2019-08-17,2618,1896,102,69
2019-08-18,2743,1996,138,78
2019-08-19,15541,11348,1163,393
2019-08-20,15405,11472,424,402
2019-08-21,12317,9019,846,310
2019-08-22,13544,9634,790,336
2019-08-23,15878,11083,368,366
2019-08-24,11224,8067,722,276
2019-08-25,1196,810,68,30
2019-08-26,13557,9673,525,319
2019-08-27,13506,9614,459,322
2019-08-28,14371,10287,717,352
2019-08-29,13208,9591,291,331
2019-08-30,16469,12054,799,417
2019-08-31,2360,1689,122,60
2019-09-01,2654,1883,121,71
2019-09-02,14224,10334,1055,353
2019-09-03,11101,8013,272,273
2019-09-04,12222,8910,988,307
2019-09-05,11205,8251,522,295
2019-09-06,17622,12740,600,425
2019-09-07,13104,9323,741,331
2019-09-08,1099,744,181,30
2019-09-09,13468,9924,577,342
2019-09-10,14920,10827,460,371
2019-09-11,11665,8495,797,289
2019-09-12,11923,8547,733,291
2019-09-13,21371,15678,474,532
2019-09-14,1663,1187,77,44
2019-09-15,1483,993,102,40
2019-09-16,878,574,155,28
2019-09-17,11441,8337,474,286
2019-09-18,11192,8028,543,274
2019-09-19,13305,9563,498,322
2019-09-20,12329,8916,266,293
2019-09-21,305,199,47,10
2019-09-22,1718,1230,98,49
2019-09-23,14475,10682,712,372
2019-09-24,11232,8183,460,278
2019-09-25,9575,7097,650,253
2019-09-26,14401,10546,849,380
2019-09-27,22020,15405,553,487
2019-09-28,2177,1556,82,56
2019-09-29,989,647,86,30
2019-09-30,11809,8670,1071,306
2019-10-01,12805,9316,591,334
2019-10-02,6433,4827,294,179
2019-10-03,15024,10763,711,373
2019-10-04,10761,7652,482,258
2019-10-05,2347,1758,67,65
2019-10-06,6481,4675,265,170
2019-10-07,15102,11094,964,376
2019-10-08,11495,8529,560,305
2019-10-09,9766,7066,581,243
2019-10-10,16599,11876,883,405
2019-10-11,19714,13956,731,458
2019-10-12,351,230,23,10
2019-10-13,3487,2392,285,83
2019-10-14,12205,8966,741,311
2019-10-15,12035,8745,1040,307
2019-10-16,12230,9115,836,316
2019-10-17,11739,8426,551,290
2019-10-18,75,49,0,2
2019-10-19,249,163,20,8
2019-10-20,3837,2650,259,99
2019-10-21,12730,9224,733,314
2019-10-22,11436,8569,718,301
2019-10-23,11477,8427,318,292
2019-10-24,15169,10920,1046,366
2019-10-25,17340,12826,522,441
2019-10-26,13551,9847,232,320
2019-10-27,3016,2157,204,78
2019-10-28,7871,5719,591,196
2019-10-29,11517,8555,323,305
2019-10-30,12815,9456,537,325
2019-10-31,10286,7665,722,279
2019-11-01,18912,14265,619,501
2019-11-02,519,339,35,12
2019-11-03,2631,1864,59,64
2019-11-04,13444,9658,529,316
2019-11-05,9869,7343,241,253
2019-11-06,14226,10336,659,346
2019-11-07,13131,9348,647,304
2019-11-08,17682,12615,515,420
2019-11-09,10966,7989,336,273
2019-11-10,569,372,126,17
2019-11-11,15010,10864,1115,377
2019-11-12,18020,13292,702,466
2019-11-13,15407,11404,1001,403
2019-11-14,14699,10585,542,351
2019-11-15,17044,12849,648,444
2019-11-16,367,240,26,10
2019-11-17,15258,11196,465,391
2019-11-18,664,442,75,18
2019-11-19,15870,11372,636,387
2019-11-20,13941,10102,1003,340
2019-11-21,13050,9637,302,335
2019-11-22,23502,16836,702,564
2019-11-23,7778,5710,280,211
2019-11-24,3433,2443,155,88
2019-11-25,17846,13040,637,456
2019-11-26,19324,14321,545,494
2019-11-27,21511,15821,1009,540
2019-11-28,16523,12018,566,414
2019-11-29,21816,15669,889,538
2019-11-30,15936,11647,421,395
2019-12-01,2890,2036,119,77
2019-12-02,29161,21560,842,738
2019-12-03,22193,16563,669,585
2019-12-04,19737,14621,708,507
2019-12-05,20289,14933,666,512
2019-12-06,16443,11829,654,406
2019-12-07,10380,7870,184,283
2019-12-08,1823,1202,165,46
2019-12-09,20418,15256,721,541
2019-12-10,16354,11759,742,404
2019-12-11,17433,12729,905,447
2019-12-12,1387,936,74,33
2019-12-13,1871,1320,219,51
2019-12-14,3739,2814,129,104
2019-12-15,7316,5153,177,170
2019-12-16,14270,10123,552,343
2019-12-17,2210,1614,87,60
2019-12-18,7154,5236,316,182
2019-12-19,3763,2605,276,100
2019-12-20,14530,9996,556,323
2019-12-21,2445,1609,181,57
2019-12-22,10985,7532,512,250
2019-12-23,12059,8103,422,258
2019-12-24,9161,6130,335,206
2019-12-25,2701,1807,54,59
2019-12-26,2950,2121,341,79
2019-12-27,1503,1119,99,45
2019-12-28,2495,1884,103,76
2019-12-29,787,515,91,20
2019-12-30,6179,4623,142,163
2019-12-31,4798,3572,232,128
2020-01-01,2463,1611,218,63
2020-01-02,1475,976,156,40
2020-01-03,842,556,66,21
2020-01-04,2858,1996,74,68
2020-01-05,7986,5569,186,186
2020-01-06,17549,12827,428,438
2020-01-07,11047,7837,288,256
2020-01-08,15023,11341,918,422
2020-01-09,10897,7789,448,277
2020-01-10,12370,8743,633,314
2020-01-11,5635,4228,190,156
2020-01-12,1992,1452,65,57
2020-01-13,19054,14484,509,500
2020-01-14,15359,11349,398,388
2020-01-15,17617,13253,922,466
2020-01-16,17444,13343,381,474
2020-01-17,21387,15416,690,510
2020-01-18,1388,931,89,35
2020-01-19,4090,2935,280,102
2020-01-20,13585,10325,420,357
2020-01-21,11205,8334,280,304
2020-01-22,14355,10527,354,361
2020-01-23,18149,13485,777,494
2020-01-24,16653,12490,416,451
2020-01-25,3408,2523,46,89
2020-01-26,2931,2091,137,77
2020-01-27,17373,12545,393,415
2020-01-28,16908,12349,576,428
2020-01-29,20245,14825,658,503
2020-01-30,15637,11532,474,396
2020-01-31,25124,18683,826,630
2020-02-01,15531,11591,999,407
2020-02-02,3801,2605,123,85
2020-02-03,1981,1402,122,52
2020-02-04,15283,10856,742,364
2020-02-05,12447,9106,675,316
2020-02-06,15418,11591,538,414
2020-02-07,17921,13029,658,446
2020-02-08,16211,11955,503,410
2020-02-09,4663,3394,234,124
2020-02-10,12407,9112,751,326
2020-02-11,18824,13449,500,447
2020-02-12,15733,11365,574,386
2020-02-13,11723,8498,859,293
2020-02-14,16523,12077,1483,425
2020-02-15,15492,11661,301,410
2020-02-16,4166,2992,174,108
2020-02-17,9284,6604,861,229
2020-02-18,19679,14048,704,463
2020-02-19,17013,12180,755,401
2020-02-20,14745,10473,819,349
2020-02-21,23906,17231,1932,587
2020-02-22,10026,7253,574,250
2020-02-23,2108,1525,192,60
2020-02-24,20421,14989,1636,526
2020-02-25,18499,13266,639,437
2020-02-26,21490,15436,1170,519
2020-02-27,14010,10142,656,354
2020-02-28,20424,14860,760,498
2020-02-29,10768,7655,844,262
2020-03-01,3710,2639,241,98
2020-03-02,17378,12518,682,431
2020-03-03,13753,9762,502,334
2020-03-04,14934,10874,467,375
2020-03-05,14282,10197,715,353
2020-03-06,17213,12447,431,434
2020-03-07,11130,8209,314,285
2020-03-08,2923,2127,132,82
2020-03-09,17406,12575,982,441
2020-03-10,13128,9444,468,322
2020-03-11,16299,11951,924,415
2020-03-12,14861,10723,1139,388
2020-03-13,16395,11809,601,407
2020-03-14,8771,6600,230,244
2020-03-15,3271,2377,184,91
2020-03-16,6586,4732,357,172
2020-03-17,3855,2880,204,107
2020-03-18,2668,1849,326,73
2020-03-19,1758,1152,159,47
2020-03-20,5425,3904,128,138
2020-03-21,2110,1421,138,53
2020-03-22,1436,939,93,35
2020-03-23,1023,669,180,32
2020-03-24,12566,8974,617,318
2020-03-25,1319,863,76,35
2020-03-26,2064,1421,129,53
2020-03-27,1848,1297,72,53
2020-03-28,2148,1493,216,64
2020-03-29,1332,879,104,33
2020-03-30,1852,1361,151,53
2020-03-31,3127,2156,159,81
2020-04-01,2417,1794,113,72
2020-04-02,5219,3796,228,136
2020-04-03,15679,10711,889,354
2020-04-04,3598,2429,214,93
2020-04-05,2022,1325,105,49
2020-04-06,4587,3045,224,108
2020-04-07,4188,2783,229,103
2020-04-08,3203,2102,219,83
2020-04-09,2901,2094,181,79
2020-04-10,6976,4851,204,164
2020-04-11,4358,2850,143,95
2020-04-12,3786,2700,134,98
2020-04-13,4782,3474,178,125
2020-04-14,1074,702,70,26
2020-04-15,1693,1227,69,50
2020-04-16,1610,1053,78,38
2020-04-17,3088,2019,160,73
2020-04-18,5811,3907,271,134
2020-04-19,4515,2953,145,102
2020-04-20,2262,1631,132,63
2020-04-21,1377,908,126,39
2020-04-22,1144,749,93,32
2020-04-23,2674,1922,78,73
2020-04-24,1784,1230,90,44
2020-04-25,1192,779,117,35
2020-04-26,4692,3068,337,114
2020-04-27,1958,1445,101,57
2020-04-28,1000,654,174,30
2020-04-29,551,360,30,16
2020-04-30,802,524,89,23
2020-05-01,2095,1465,162,59
2020-05-02,6325,4136,273,146
2020-05-03,1237,809,158,36
2020-05-04,1116,730,86,29
2020-05-05,1248,828,81,34
2020-05-06,1151,753,121,34
2020-05-07,498,326,75,15
2020-05-08,830,543,82,23
2020-05-09,10509,7905,332,294
2020-05-10,1084,718,118,32
2020-05-11,768,502,72,21
2020-05-12,3066,2153,193,84
2020-05-13,908,594,100,25
2020-05-14,1227,802,93,34
2020-05-15,4925,3223,228,105
2020-05-16,2327,1610,152,65
2020-05-17,2264,1549,175,63
2020-05-18,2264,1581,68,56
2020-05-19,1417,927,158,44
2020-05-20,5656,4162,169,153
2020-05-21,864,565,78,25
2020-05-22,6553,4667,160,160
2020-05-23,1671,1174,127,45
2020-05-24,1219,797,118,35
2020-05-25,6027,4039,145,136
2020-05-26,898,587,83,26
2020-05-27,2400,1569,210,61
2020-05-28,5160,3756,126,136
2020-05-29,2808,2023,103,74
2020-05-30,1735,1142,69,44
2020-05-31,898,587,129,28
2020-06-01,1655,1133,80,42
2020-06-02,2555,1782,199,74
2020-06-03,9165,6299,288,216
2020-06-04,1594,1042,43,39
2020-06-05,11356,8440,366,309
2020-06-06,1618,1091,121,48
2020-06-07,446,292,63,15
2020-06-08,4420,3018,234,109
2020-06-09,585,383,77,18
2020-06-10,549,359,62,18
2020-06-11,2016,1318,218,54
2020-06-12,1913,1359,142,49
2020-06-13,2035,1331,147,48
2020-06-14,1112,729,67,30
2020-06-15,1484,994,204,42
2020-06-16,2313,1514,169,60
2020-06-17,3889,2812,85,99
2020-06-18,2264,1543,74,57
2020-06-19,2827,1849,163,70
2020-06-20,2164,1551,108,58
2020-06-21,5735,3769,284,131
2020-06-22,658,430,86,22
2020-06-23,2796,1955,185,72
2020-06-24,695,454,119,24
2020-06-25,1956,1341,178,54
2020-06-26,3606,2358,266,86
2020-06-27,564,369,49,19
2020-06-28,2688,1964,152,76
2020-06-29,921,602,66,29
2020-06-30,3354,2260,161,85
2020-07-01,964,630,112,25
2020-07-02,4113,2874,211,105
2020-07-03,1784,1167,238,49
2020-07-04,1844,1280,152,50
2020-07-05,2257,1496,104,57
2020-07-06,822,538,111,26
2020-07-07,1527,1003,166,40
2020-07-08,1127,737,83,28
2020-07-09,5978,4279,298,152
2020-07-10,980,641,115,28
2020-07-11,2522,1793,126,68
2020-07-12,1576,1031,92,40
2020-07-13,1676,1124,94,45
2020-07-14,869,568,76,24
2020-07-15,977,639,150,29
2020-07-16,3915,2816,196,105
2020-07-17,1199,784,78,30
2020-07-18,779,509,116,23
2020-07-19,2948,2073,130,75
2020-07-20,596,390,106,19
2020-07-21,707,462,104,23
2020-07-22,3696,2618,133,96
2020-07-23,513,335,83,19
2020-07-24,1314,859,169,37
2020-07-25,2827,1924,81,67
2020-07-26,2307,1623,136,61
2020-07-27,759,496,102,24
2020-07-28,628,411,78,19
2020-07-29,11151,7877,655,269
2020-07-30,672,439,128,21
2020-07-31,3087,2246,144,85
2020-08-01,1874,1294,103,49
2020-08-02,602,394,65,18
2020-08-03,1820,1190,97,41
2020-08-04,3235,2278,138,86
2020-08-05,13507,9679,611,334
2020-08-06,8214,5736,290,192
2020-08-07,4831,3372,326,123
2020-08-08,2327,1643,206,68
2020-08-09,4080,2840,387,112
2020-08-10,794,519,215,25
2020-08-11,6925,4871,222,171
2020-08-12,2604,1827,259,72
2020-08-13,2163,1543,104,59
2020-08-14,3451,2390,198,95
2020-08-15,4376,3041,351,119
2020-08-16,1812,1185,140,52
2020-08-17,2493,1630,247,66
2020-08-18,4451,3299,142,120
2020-08-19,1772,1159,218,52
2020-08-20,1994,1304,138,49
2020-08-21,892,583,62,26
2020-08-22,441,288,54,12
2020-08-23,1284,840,146,40
2020-08-24,16521,11606,590,394
2020-08-25,446,292,39,13
2020-08-26,2701,2021,133,76
2020-08-27,678,443,68,22
2020-08-28,770,504,85,22
2020-08-29,3117,2256,184,84
2020-08-30,1082,708,88,31
2020-08-31,4836,3442,284,120
2020-09-01,3545,2521,185,98
2020-09-02,826,540,61,20
2020-09-03,20420,14953,351,520
2020-09-04,12715,9695,359,337
2020-09-05,275,180,61,10
2020-09-06,2002,1489,63,56
2020-09-07,2369,1719,70,64
2020-09-08,4574,3289,296,112
2020-09-09,795,520,70,22
2020-09-10,690,451,53,21
2020-09-11,2088,1365,93,48
2020-09-12,1012,662,87,28
2020-09-13,1312,858,133,36
2020-09-14,690,451,66,20
2020-09-15,5515,3875,228,140
2020-09-16,1337,898,97,35
2020-09-17,1333,872,71,30
2020-09-18,2304,1607,97,58
2020-09-19,521,341,33,16
2020-09-20,672,439,48,19
2020-09-21,3461,2436,162,88
2020-09-22,3665,2589,145,94
2020-09-23,1219,797,73,31
2020-09-24,1446,946,94,39
2020-09-25,3774,2788,76,100
2020-09-26,9805,7121,216,242
2020-09-27,1197,783,112,38
2020-09-28,1090,713,118,31
2020-09-29,1390,909,166,39
2020-09-30,1030,674,113,25
2020-10-01,3541,2440,221,86
2020-10-02,1080,706,106,33
2020-10-03,1864,1249,102,46
2020-10-04,3549,2505,168,89
2020-10-05,477,312,104,17
2020-10-06,2802,1957,128,76
2020-10-07,1147,750,96,31
2020-10-08,5910,4502,74,163
2020-10-09,908,594,85,25
2020-10-10,2156,1420,228,52
2020-10-11,1293,846,116,37
2020-10-12,1483,975,146,40
2020-10-13,1080,706,103,30
2020-10-14,1356,887,129,38
2020-10-15,6208,4529,264,162
2020-10-16,1380,902,148,41
2020-10-17,434,284,69,13
2020-10-18,800,523,114,24
2020-10-19,3889,2831,150,101
2020-10-20,1214,794,67,34
2020-10-21,1385,906,71,36
2020-10-22,3089,2166,158,82
2020-10-23,649,424,33,20
2020-10-24,14196,10986,219,383
2020-10-25,9882,7720,206,270
2020-10-26,890,582,71,25
2020-10-27,1019,674,93,27
2020-10-28,707,462,93,19
2020-10-29,912,603,79,23
2020-10-30,755,494,79,22
2020-10-31,3311,2313,177,79
2020-11-01,1047,685,110,26
2020-11-02,3778,2778,119,98
2020-11-03,802,524,113,26
2020-11-04,993,649,146,29
2020-11-05,647,423,84,20
2020-11-06,721,471,41,18
2020-11-07,4608,3460,195,123
2020-11-08,734,480,97,22
2020-11-09,360,235,77,12
2020-11-10,21,14,0,1
2020-11-11,2212,1600,178,63
2020-11-12,843,551,126,26
2020-11-13,2389,1715,110,64
2020-11-14,909,594,111,22
2020-11-15,673,442,36,18
2020-11-16,16953,12912,229,441
2020-11-17,942,638,91,27
2020-11-18,1019,666,88,27
2020-11-19,543,355,23,14
2020-11-20,485,317,69,15
2020-11-21,353,231,39,12
2020-11-22,2317,1662,119,65
2020-11-23,955,625,134,28
2020-11-24,903,591,58,26
2020-11-25,1644,1225,56,47
2020-11-26,710,464,68,19
2020-11-27,1059,696,75,29
2020-11-28,5707,4111,259,145
2020-11-29,1325,866,174,38
2020-11-30,507,332,51,16
2020-12-01,2117,1509,61,56
2020-12-02,837,547,43,23
2020-12-03,2455,1734,158,68
2020-12-04,773,505,114,23
2020-12-05,4812,3502,279,132
2020-12-06,6942,5335,152,189
2020-12-07,725,474,59,19
2020-12-08,978,640,103,29
2020-12-09,2973,2158,191,85
2020-12-10,4379,3158,247,115
2020-12-11,3429,2548,161,97
2020-12-12,3794,2481,251,87
2020-12-13,1078,705,85,28
2020-12-14,6154,4338,294,154
2020-12-15,2506,1817,107,71
2020-12-16,1539,1006,78,37
2020-12-17,7737,5524,526,193
2020-12-18,11345,8388,507,293
2020-12-19,1512,1126,103,44
2020-12-20,304,199,57,12
2020-12-21,4183,3159,103,112
2020-12-22,669,437,115,21
2020-12-23,724,473,82,20
2020-12-24,4539,3383,188,123
2020-12-25,2039,1333,165,51
2020-12-26,498,326,56,16
2020-12-27,10012,7443,380,263
2020-12-28,1226,810,120,33
2020-12-29,738,483,62,22
2020-12-30,1275,834,153,40
2020-12-31,259,169,40,10
2021-01-01,465,304,46,14
2021-01-02,2817,2030,126,73
2021-01-03,2605,1865,207,70
2021-01-04,556,364,66,17
2021-01-05,1289,843,144,31
2021-01-06,1360,968,85,38
2021-01-07,3193,2221,64,77
2021-01-08,668,437,62,18
2021-01-09,2853,2168,58,76
2021-01-10,569,372,81,18
2021-01-11,1856,1360,57,50
2021-01-12,1267,899,76,36
2021-01-13,934,616,47,24
2021-01-14,1342,1015,58,36
2021-01-15,748,489,74,22
2021-01-16,0,0,0,0
2021-02-05,3038,2196,156,81
2021-02-06,303,198,49,10
2021-02-07,376,246,36,11
2021-02-08,2080,1455,110,53
2021-02-09,1326,867,162,42
2021-02-10,3736,2740,134,101
2021-02-11,2797,1829,218,59
2021-02-12,2217,1666,47,59
2021-02-13,3764,2461,170,82
2021-02-14,2276,1656,70,59
2021-02-15,3231,2350,97,85
2021-02-16,12343,9441,353,327
2021-02-17,1781,1165,153,48
2021-02-18,1199,784,51,30
2021-02-19,764,500,164,23
2021-02-20,843,551,115,25
2021-02-21,2667,1904,154,71
2021-02-22,1857,1275,138,50
2021-02-23,4061,2989,164,108
2021-02-24,3686,2585,242,97
2021-02-25,3575,2522,306,89
2021-02-26,3410,2486,143,90
2021-02-27,989,647,57,25
2021-02-28,3165,2098,225,79
2021-03-01,802,524,71,18
2021-03-02,2157,1546,112,56
2021-03-03,1049,686,127,27
2021-03-04,482,315,68,16
2021-03-05,4955,3591,372,133
2021-03-06,3723,2696,183,96
2021-03-07,1768,1156,163,48
2021-03-08,3012,2216,138,81
2021-03-09,10339,7681,305,260
2021-03-10,1088,711,83,31
2021-03-11,2209,1545,103,58
2021-03-12,3119,2167,142,77
2021-03-13,2511,1875,108,71
2021-03-14,1376,900,119,35
2021-03-15,2311,1718,84,62
2021-03-16,8990,6745,186,234
2021-03-17,628,411,102,20
2021-03-18,837,547,149,26
2021-03-19,552,361,79,18
2021-03-20,1678,1198,67,47
2021-03-21,1512,989,74,34
2021-03-22,849,555,109,24
2021-03-23,3249,2321,109,81
2021-03-24,4518,3286,100,116
2021-03-25,1904,1375,98,52
2021-03-26,1828,1332,97,50
2021-03-27,920,602,163,26
2021-03-28,1047,685,137,28
2021-03-29,18531,13308,656,454
2021-03-30,2340,1639,115,59
2021-03-31,4193,3056,146,109
2021-04-01,948,620,73,24
2021-04-02,875,572,98,25
2021-04-03,2326,1665,110,66
2021-04-04,592,387,55,19
2021-04-05,1546,1087,33,39
2021-04-06,852,557,125,24
2021-04-07,6481,4579,332,159
2021-04-08,3085,2225,79,80
2021-04-09,8529,5844,289,209
2021-04-10,4850,3198,320,119
2021-04-11,2920,2019,177,75
2021-04-12,1771,1254,84,49
2021-04-13,3047,1993,268,72
2021-04-14,2168,1418,135,53
2021-04-15,1062,694,115,29
2021-04-16,11556,9050,208,319
2021-04-17,4228,2927,178,103
2021-04-18,735,481,110,21
2021-04-19,3962,2592,237,89
2021-04-20,516,337,98,18
2021-04-21,4214,3138,152,114
2021-04-22,1283,840,99,37
2021-04-23,6571,4696,254,168
2021-04-24,3998,2614,214,90
2021-04-25,22753,16482,447,569
2021-04-26,2253,1603,110,63
2021-04-27,1568,1025,123,41
2021-04-28,13996,10287,388,344
2021-04-29,1827,1195,108,45
2021-04-30,10254,7468,168,262
2021-05-01,716,468,106,24
2021-05-02,1445,945,91,37
2021-05-03,2802,2031,147,79
2021-05-04,963,630,104,29
2021-05-05,2486,1626,173,64
2021-05-06,1727,1129,124,40
2021-05-07,1197,783,138,33
2021-05-08,2138,1615,107,57
2021-05-09,2753,1956,150,74
2021-05-10,1295,847,132,35
2021-05-11,11446,8685,329,310
2021-05-12,1017,665,134,29
2021-05-13,2147,1405,123,54
2021-05-14,10053,7578,327,261
2021-05-15,3375,2422,124,88
2021-05-16,1609,1052,173,44
2021-05-17,4258,2993,155,107
2021-05-18,697,456,76,20
2021-05-19,12460,9640,193,339
2021-05-20,726,475,61,20
2021-05-21,3558,2463,211,95
2021-05-22,4492,3292,230,121
2021-05-23,1661,1086,123,45
2021-05-24,1122,734,80,29
2021-05-25,897,587,79,25
2021-05-26,486,318,45,13
2021-05-27,1309,856,164,30
2021-05-28,3756,2572,232,101
2021-05-29,3296,2436,96,89
2021-05-30,1535,1004,130,42
2021-05-31,615,402,67,17
2021-06-01,909,594,134,26
2021-06-02,2144,1488,100,55
2021-06-03,1526,998,116,38
2021-06-04,1169,764,118,35
2021-06-05,1102,721,147,32
2021-06-06,3172,2224,205,84
2021-06-07,3847,2698,170,94
2021-06-08,3211,2270,152,84
2021-06-09,755,494,62,24
2021-06-10,2946,2055,220,82
2021-06-11,440,288,3,12
2021-06-12,3287,2374,206,85
2021-06-13,2307,1691,39,61
2021-06-14,934,611,85,24
2021-06-15,0,0,0,0
2021-06-16,23,15,0,1
2021-06-17,0,0,0,0
2021-06-18,0,0,0,0
2021-06-19,0,0,0,0
2021-06-20,0,0,0,0
2021-06-21,0,0,0,0
2021-06-22,0,0,0,0
2021-06-23,0,0,0,0
2021-06-24,135,88,0,2
2021-06-25,0,0,0,0
2021-06-26,0,0,0,0
2021-06-27,0,0,0,0
2021-06-28,355,232,34,10
2021-06-29,512,335,62,15
2021-06-30,1265,830,92,30
2021-07-01,3008,2090,145,80
2021-07-02,1147,750,114,29
2021-07-03,2486,1771,135,66
2021-07-04,11059,8218,261,291
2021-07-05,1171,766,93,30
2021-07-06,1360,889,104,36
2021-07-07,10149,7169,239,254
2021-07-08,2990,2066,155,77
2021-07-09,9974,7519,290,266
2021-07-10,1017,665,57,27
2021-07-11,1205,794,133,35
2021-07-12,697,456,62,19
2021-07-13,5553,4212,296,149
2021-07-14,1044,683,116,28
2021-07-15,10095,7785,250,277
2021-07-16,5864,4546,233,163
2021-07-17,4575,3407,171,121
2021-07-18,1163,761,106,31
2021-07-19,715,468,96,20
2021-07-20,1510,987,112,42
2021-07-21,1473,963,182,41
2021-07-22,1763,1215,141,47
2021-07-23,3127,2248,184,82
2021-07-24,610,399,83,19
2021-07-25,791,517,120,26
2021-07-26,3191,2225,198,86
2021-07-27,1136,743,95,32
2021-07-28,3383,2368,148,88
2021-07-29,7385,5298,257,186
2021-07-30,2087,1437,185,58
2021-07-31,3270,2304,198,88
2021-08-01,590,386,43,16
2021-08-02,14132,10828,263,382
2021-08-03,841,550,92,24
2021-08-04,467,305,70,13
2021-08-05,3746,2650,138,98
2021-08-06,821,537,99,23
2021-08-07,3633,2580,130,90
2021-08-08,1198,783,117,35
2021-08-09,4967,3415,151,116
2021-08-10,548,358,60,18
2021-08-11,2069,1461,67,53
2021-08-12,7263,5440,204,189
2021-08-13,3541,2492,75,84
2021-08-14,2125,1533,67,56
2021-08-15,707,462,27,20
2021-08-16,1079,706,125,32
2021-08-17,9760,7083,379,251
2021-08-18,10292,7849,243,270
2021-08-19,1398,914,58,29
2021-08-20,3446,2390,94,77
2021-08-21,2209,1544,158,65
2021-08-22,1731,1132,140,47
2021-08-23,4275,3127,202,118
2021-08-24,1231,805,97,34
2021-08-25,3867,2764,130,99
2021-08-26,8251,6053,310,208
2021-08-27,2082,1509,125,53
2021-08-28,3424,2483,152,95
2021-08-29,1161,759,65,27
2021-08-30,662,433,46,19
2021-08-31,5858,4587,110,160
2021-09-01,1106,723,153,33
2021-09-02,7387,5325,196,189
2021-09-03,2224,1597,127,59
2021-09-04,2473,1793,58,62
2021-09-05,2480,1784,120,67
2021-09-06,1457,1066,111,41
2021-09-07,5108,4077,43,145
2021-09-08,1995,1471,97,56
2021-09-09,759,496,28,21
2021-09-10,2938,2086,56,74
2021-09-11,687,449,40,20
2021-09-12,3819,2772,143,99
2021-09-13,820,536,43,19
2021-09-14,473,309,59,15
2021-09-15,2698,1899,111,66
2021-09-16,570,373,74,16
2021-09-17,14298,10171,690,327
2021-09-18,5855,4306,146,150
2021-09-19,1011,661,152,27
2021-09-20,481,315,47,13
2021-09-21,3152,2253,118,86
2021-09-22,556,364,65,16
2021-09-23,652,426,100,20
2021-09-24,556,364,72,15
2021-09-25,2850,2047,108,73
2021-09-26,967,632,124,27
2021-09-27,2059,1360,186,57
2021-09-28,1171,766,148,34
2021-09-29,2484,1781,84,64
2021-09-30,4579,3354,145,121
2021-10-01,405,265,58,14
2021-10-02,980,641,79,29
2021-10-03,739,483,91,23
2021-10-04,687,449,96,18
2021-10-05,1219,797,124,32
2021-10-06,2506,1820,129,68
2021-10-07,4220,3280,180,115
2021-10-08,2131,1493,90,56
2021-10-09,7969,5581,527,201
2021-10-10,9116,6673,352,241
2021-10-11,1376,900,82,32
2021-10-12,1130,768,152,33
2021-10-13,5581,4417,155,159
2021-10-14,2533,1677,106,60
2021-10-15,16698,12062,436,427
2021-10-16,10021,7600,156,262
2021-10-17,872,570,110,23
2021-10-18,2946,2097,112,77
2021-10-19,683,447,75,22
2021-10-20,698,456,104,22
2021-10-21,1169,766,65,29
2021-10-22,4264,3169,107,114
2021-10-23,960,628,63,27
2021-10-24,444,290,79,13
2021-10-25,1153,754,82,29
2021-10-26,8709,6327,424,216
2021-10-27,2366,1686,80,61
2021-10-28,1025,690,88,30
2021-10-29,4091,3022,145,112
2021-10-30,1963,1404,48,49
2021-10-31,2521,1907,74,70
2021-11-01,1142,747,135,31
2021-11-02,1332,871,128,38
2021-11-03,1133,741,109,32
2021-11-04,1388,908,93,34
2021-11-05,12851,9692,474,331
2021-11-06,419,274,27,14
2021-11-07,2662,1889,140,70
2021-11-08,1573,1029,197,46
2021-11-09,1103,721,117,31
2021-11-10,1843,1205,235,49
2021-11-11,541,354,38,13
2021-11-12,996,651,119,28
2021-11-13,3953,2901,259,103
2021-11-14,404,264,70,13
2021-11-15,526,344,69,17
2021-11-16,1131,740,126,34
2021-11-17,1321,864,207,37
2021-11-18,1184,774,108,32
2021-11-19,3720,2680,125,94
2021-11-20,795,520,41,22
2021-11-21,1733,1133,221,49
2021-11-22,11817,8681,735,293
2021-11-23,957,626,118,27
2021-11-24,843,551,119,26
2021-11-25,2501,1835,111,73
2021-11-26,4080,2917,276,104
2021-11-27,588,385,57,20
2021-11-28,1495,978,172,42
2021-11-29,1969,1288,175,52
2021-11-30,3346,2377,132,84
2021-12-01,1544,1010,80,35
2021-12-02,1074,723,118,33
2021-12-03,3085,2183,159,87
2021-12-04,658,430,58,16
2021-12-05,1134,742,98,29
2021-12-06,563,368,46,17
2021-12-07,2007,1312,169,51
2021-12-08,3055,2184,112,82
2021-12-09,574,375,79,16
2021-12-10,2033,1329,176,54
2021-12-11,1909,1319,148,55
2021-12-12,1448,947,85,36
2021-12-13,5571,4269,156,153
2021-12-14,3423,2448,118,88
2021-12-15,1677,1097,129,44
2021-12-16,16896,12266,454,415
2021-12-17,1974,1420,92,54
2021-12-18,4191,2771,462,113
2021-12-19,16573,12229,522,409
2021-12-20,591,386,51,17
2021-12-21,1518,993,179,44
2021-12-22,7162,5333,365,189
2021-12-23,1980,1316,187,53
2021-12-24,2141,1554,96,57
2021-12-25,738,483,74,23
2021-12-26,3455,2492,111,90
2021-12-27,3896,2737,153,96
2021-12-28,1040,680,103,28
2021-12-29,3544,2584,249,97
2021-12-30,3514,2477,262,95
2021-12-31,4236,3028,212,106
2022-01-01,723,473,62,20
2022-01-02,2792,1829,329,77
2022-01-03,9343,6728,177,232
2022-01-04,5565,3760,324,136
2022-01-05,4175,2970,147,107
2022-01-06,6607,4783,313,170
2022-01-07,2401,1663,131,62
2022-01-08,4912,3649,126,126
2022-01-09,1715,1148,200,46
2022-01-10,276,180,31,9
2022-01-11,507,332,74,16
2022-01-12,606,396,69,19
2022-01-13,2763,1991,140,75
2022-01-14,3977,2883,149,106
2022-01-15,3035,2134,279,88
2022-01-16,1581,1034,213,46
2022-01-17,1880,1231,175,55
2022-01-18,12760,9645,240,334
2022-01-19,3837,2509,215,83
2022-01-20,4283,2801,316,97
2022-01-21,4420,2907,333,108
2022-01-22,7803,5351,430,196
2022-01-23,4011,2818,374,106
2022-01-24,3477,2491,240,94
2022-01-25,1440,942,168,38
2022-01-26,1144,748,97,29
2022-01-27,9358,6957,218,245
2022-01-28,1121,733,163,33
2022-01-29,8977,6516,225,224
2022-01-30,2832,1919,164,75
2022-01-31,842,551,57,21
2022-02-01,2304,1673,68,63
2022-02-02,1204,787,109,34
2022-02-03,177,116,20,5
2022-02-04,3287,2379,165,90
2022-02-05,1757,1149,191,47
2022-02-06,1213,798,194,34
2022-02-07,6080,4226,218,153
2022-02-08,1604,1049,173,45
2022-02-09,962,629,97,29
2022-02-10,9876,7167,469,248
2022-02-11,7567,5343,433,191
2022-02-12,2359,1697,97,63
2022-02-13,4054,3087,102,110
2022-02-14,700,458,143,22
2022-02-15,7128,5097,304,177
2022-02-16,1380,902,116,38
2022-02-17,1327,868,151,41
2022-02-18,957,626,108,30
2022-02-19,2294,1610,135,64
2022-02-20,802,524,113,26
2022-02-21,1068,706,109,30
2022-02-22,1616,1057,160,44
2022-02-23,12287,9053,696,316
2022-02-24,8484,6054,335,212
2022-02-25,2644,1887,105,71
2022-02-26,3035,2135,155,77
2022-02-27,1462,973,176,43
2022-02-28,12865,9201,691,316
2022-03-01,11206,8053,258,285
2022-03-02,19923,13841,527,461
2022-03-03,12101,8589,273,291
2022-03-04,6810,5227,183,189
2022-03-05,1241,837,98,33
2022-03-06,1676,1108,193,50
2022-03-07,10907,7962,456,277
2022-03-08,13757,9861,380,336
2022-03-09,12726,9043,575,312
2022-03-10,14136,10127,1000,345
2022-03-11,2953,2150,110,79
2022-03-12,9316,6941,571,237
2022-03-13,8322,6120,240,211
2022-03-14,12256,8973,385,314
2022-03-15,10437,7391,454,249
2022-03-16,10606,7578,321,255
2022-03-17,14240,10375,269,356
2022-03-18,14385,10269,786,354
2022-03-19,708,463,64,20
2022-03-20,847,554,61,23
2022-03-21,1006,658,128,30
2022-03-22,11643,8727,483,302
2022-03-23,9953,7141,453,249
2022-03-24,14777,10400,309,354
2022-03-25,21297,15385,595,521
2022-03-26,521,341,58,15
2022-03-27,2089,1494,135,57
2022-03-28,10760,7746,478,270
2022-03-29,10576,7462,201,254
2022-03-30,13500,9599,437,319
2022-03-31,9605,7050,322,245
2022-04-01,14796,10638,571,359
2022-04-02,2252,1667,55,61
2022-04-03,1539,1029,141,43
2022-04-04,11176,8223,522,286
2022-04-05,10117,7348,402,254
2022-04-06,12377,8915,291,301
2022-04-07,9317,6667,194,234
2022-04-08,6993,5024,349,175
2022-04-09,1298,859,73,32
2022-04-10,3310,2349,125,89
2022-04-11,6753,4976,254,176
2022-04-12,23006,17165,523,594
2022-04-13,6222,4563,181,159
2022-04-14,669,437,77,23
2022-04-15,426,279,92,17
2022-04-16,1294,846,85,33
2022-04-17,4190,2950,320,110
2022-04-18,10887,7851,428,278
2022-04-19,11209,8137,403,277
2022-04-20,11006,7745,415,276
2022-04-21,12141,8674,718,300
2022-04-22,9748,6732,325,226
2022-04-23,98,64,17,3
2022-04-24,11,7,0,1
2022-04-25,4013,2953,175,102
2022-04-26,6254,4686,221,163
2022-04-27,9266,6750,142,231
2022-04-28,5817,4475,94,156
2022-04-29,10074,7637,289,265
2022-04-30,200,131,21,7
2022-05-01,89,58,11,3
2022-05-02,7532,5531,184,194
2022-05-03,12190,9188,309,316
2022-05-04,5618,4154,130,147
2022-05-05,15659,12135,382,415
2022-05-06,12494,9261,458,325
2022-05-07,0,0,0,0
2022-05-08,41,27,9,1
2022-05-09,5501,4190,267,148
2022-05-10,3820,2780,115,98
2022-05-11,12905,9498,390,328
2022-05-12,9849,7487,130,253
2022-05-13,1163,769,116,33
2022-05-14,1752,1271,112,46
2022-05-15,1326,1033,15,36
2022-05-16,10846,8069,541,283
2022-05-17,9394,7002,415,236
2022-05-18,9391,6911,356,234
2022-05-19,8732,6539,377,221
2022-05-20,4622,3507,69,119
2022-05-21,0,0,0,0
2022-05-22,119,78,0,3
2022-05-23,10334,7736,314,268
2022-05-24,7728,5776,218,192
2022-05-25,7288,5316,256,177
2022-05-26,10045,7517,219,258
2022-05-27,19175,13952,448,470
2022-05-28,0,0,0,0
2022-05-29,0,0,0,0
2022-05-30,0,0,0,0
2022-05-31,0,0,0,0
2022-06-01,8465,6135,305,215
2022-06-02,12336,9394,380,322
2022-06-03,11336,8506,209,290
2022-06-04,290,190,29,10
2022-06-05,0,0,0,0
2022-06-06,8034,6011,145,203
2022-06-07,1519,1170,133,43
2022-06-08,14906,11198,454,380
2022-06-09,0,0,0,0
2022-06-10,15159,11487,286,398
2022-06-11,0,0,0,0
2022-06-12,0,0,0,0
2022-06-13,12102,8966,182,302
2022-06-14,7703,5770,141,202
2022-06-15,2265,1722,48,64
2022-06-16,567,371,49,20
2022-06-17,17270,12868,271,435
2022-06-18,0,0,0,0
2022-06-19,0,0,0,0
2022-06-20,207,135,16,6
2022-06-21,352,230,60,14
2022-06-22,892,583,96,24
2022-06-23,1040,710,77,28
2022-06-24,13349,9642,324,330
2022-06-25,690,451,81,20
2022-06-26,1737,1146,164,45
2022-06-27,10681,7777,282,270
2022-06-28,11480,8462,513,293
2022-06-29,10070,7485,539,260
2022-06-30,10497,7274,457,244
2022-07-01,10662,7632,387,265
2022-07-02,14734,10422,457,358
2022-07-03,2084,1374,269,58
2022-07-04,10193,7166,447,244
2022-07-05,8481,6176,481,216
2022-07-06,9775,6912,342,240
2022-07-07,8589,5954,273,208
2022-07-08,8572,6233,468,218
2022-07-09,7987,5623,391,192
2022-07-10,1601,1073,202,44
2022-07-11,2871,2055,145,79
2022-07-12,1536,1022,147,41
2022-07-13,1032,687,125,32
2022-07-14,2853,2022,93,73
2022-07-15,1146,762,167,35
2022-07-16,5259,3783,199,135
2022-07-17,11672,8512,262,290
2022-07-18,703,468,75,23
2022-07-19,5540,4187,166,156
2022-07-20,1506,1045,133,45
2022-07-21,4690,3676,142,144
2022-07-22,5487,4101,291,161
2022-07-23,897,618,108,32
2022-07-24,2480,1811,174,78
2022-07-25,10289,7732,500,297
2022-07-26,3647,2713,114,98
2022-07-27,8341,6267,291,227
2022-07-28,442,294,81,23
2022-07-29,634,422,119,28
2022-07-30,2060,1370,316,73
2022-07-31,1447,963,232,55
2022-08-01,10150,7681,467,283
2022-08-02,11812,8811,492,337
2022-08-03,9408,7021,488,284
2022-08-04,10678,8177,352,305
2022-08-05,9692,7239,614,280
2022-08-06,598,398,110,18
2022-08-07,723,519,58,28
2022-08-08,17348,13143,539,476
2022-08-09,21007,15976,300,572
2022-08-10,14817,11323,658,414
2022-08-11,18210,13549,446,493
2022-08-12,15404,11677,767,421
2022-08-13,8631,6568,376,237
2022-08-14,1358,946,113,43
2022-08-15,14805,11285,453,403
2022-08-16,13250,10225,435,372
2022-08-17,9786,7301,450,271
2022-08-18,14542,10906,651,394
2022-08-19,20795,15697,1423,577
2022-08-20,7927,5878,901,230
2022-08-21,734,488,167,32
2022-08-22,11051,8291,797,302
2022-08-23,13820,10480,699,387
2022-08-24,13627,10255,592,388
2022-08-25,12557,9591,603,356
2022-08-26,12974,9772,455,353
2022-08-27,4057,3138,104,119
2022-08-28,997,679,115,36
2022-08-29,14488,10897,711,397
2022-08-30,12707,9769,566,360
2022-08-31,10052,7593,1240,295
2022-09-01,18954,14553,414,525
2022-09-02,17180,13258,736,483
2022-09-03,719,498,116,25
2022-09-04,927,617,172,35
2022-09-05,10855,8255,654,321
2022-09-06,14726,11265,562,418
2022-09-07,11431,8470,1105,301
2022-09-08,17065,12821,1112,477
2022-09-09,10758,8268,846,326
2022-09-10,283,188,49,11
2022-09-11,458,305,176,27
2022-09-12,11624,8793,608,333
2022-09-13,15557,11990,508,430
2022-09-14,16270,12398,1018,445
2022-09-15,2870,2147,112,83
2022-09-16,873,581,181,33
2022-09-17,3213,2463,234,106
2022-09-18,467,311,90,19
2022-09-19,17097,12982,1540,479
2022-09-20,12081,9258,394,341
2022-09-21,13553,10290,907,376
2022-09-22,12450,9462,411,361
2022-09-23,21410,16594,929,599
2022-09-24,1147,807,71,32
2022-09-25,2107,1593,178,70
2022-09-26,12247,9184,405,330
2022-09-27,12939,9922,770,373
2022-09-28,13427,9970,695,362
2022-09-29,12989,9742,914,361
2022-09-30,18542,14321,1892,502
2022-10-01,8110,5964,520,228
2022-10-02,5969,4574,384,177
2022-10-03,12236,9291,646,352
2022-10-04,13560,10229,1954,395
2022-10-05,12387,9174,325,337
2022-10-06,13811,10491,451,395
2022-10-07,11632,8601,934,312
2022-10-08,10066,7453,388,278
2022-10-09,459,305,117,25
2022-10-10,13050,9772,1636,388
2022-10-11,15413,11843,1300,444
2022-10-12,11294,8264,880,339
2022-10-13,13964,10695,496,398
2022-10-14,9750,7130,371,264
2022-10-15,1712,1272,137,52
2022-10-16,1051,728,111,39
2022-10-17,13113,10091,670,377
2022-10-18,13738,10486,937,389
2022-10-19,15875,11924,932,449
2022-10-20,15044,11557,563,439
2022-10-21,12570,9584,813,361
2022-10-22,636,423,173,29
2022-10-23,4462,3386,225,137
2022-10-24,16762,12726,968,455
2022-10-25,14110,10795,399,394
2022-10-26,19916,15097,884,548
2022-10-27,16434,12431,1168,475
2022-10-28,13558,10060,964,372
2022-10-29,3026,2309,115,92
2022-10-30,1654,1119,226,61
2022-10-31,25453,19282,1206,678
2022-11-01,1451,1002,127,49
2022-11-02,7093,5213,225,197
2022-11-03,12884,10121,1519,399
2022-11-04,17332,13044,1099,474
2022-11-05,13977,10428,1678,415
2022-11-06,5312,3940,302,162
2022-11-07,9824,7293,420,281
2022-11-08,11357,8578,767,321
2022-11-09,12053,8948,657,343
2022-11-10,10814,8227,344,304
2022-11-11,13144,9914,1364,370
2022-11-12,14805,11457,432,405
2022-11-13,866,576,172,35
2022-11-14,13552,10288,791,381
2022-11-15,11493,8767,211,324
2022-11-16,13229,9913,949,377
2022-11-17,11049,8208,358,291
2022-11-18,13084,9564,1022,355
2022-11-19,8540,6773,137,246
2022-11-20,9759,7562,368,279
2022-11-21,7151,5361,196,205
2022-11-22,19656,14858,717,542
2022-11-23,14555,11048,387,405
2022-11-24,11563,8712,1044,327
2022-11-25,14526,10643,1095,388
2022-11-26,809,538,133,32
2022-11-27,1865,1290,189,64
2022-11-28,14005,10489,551,395
2022-11-29,13770,10518,363,391
2022-11-30,12211,9125,463,342
2022-12-01,13702,10632,658,385
2022-12-02,12652,9588,1068,364
2022-12-03,2897,2189,86,86
2022-12-04,1795,1260,157,54
2022-12-05,13616,10490,985,391
2022-12-06,15359,11728,703,433
2022-12-07,13252,10394,298,370
2022-12-08,14128,10905,252,396
2022-12-09,13968,10534,710,383
2022-12-10,509,339,93,20
2022-12-11,10644,7977,398,293
2022-12-12,6084,4828,243,181
2022-12-13,9996,7637,766,271
2022-12-14,11932,9080,170,331
2022-12-15,379,252,44,18
2022-12-16,758,504,112,26
2022-12-17,4390,3222,261,128
2022-12-18,11094,8789,616,324
2022-12-19,561,373,114,22
2022-12-20,1718,1219,131,55
2022-12-21,6029,4372,290,165
2022-12-22,6290,4564,241,173
2022-12-23,4573,3518,96,130
2022-12-24,6567,4948,236,194
2022-12-25,3311,2538,164,102
2022-12-26,1522,1113,167,48
2022-12-27,9278,6918,387,254
2022-12-28,1548,1116,108,48
2022-12-29,1368,983,109,42
2022-12-30,6132,4682,228,175
2022-12-31,836,559,134,30
2023-01-01,8082,6303,874,247
2023-01-02,15602,11871,1552,459
2023-01-03,1430,1045,156,53
2023-01-04,2281,1628,277,71
2023-01-05,2143,1540,262,69
2023-01-06,3915,2935,229,117
2023-01-07,811,540,106,26
2023-01-08,1127,750,232,45
2023-01-09,3954,3003,131,114
2023-01-10,10878,7934,335,283
2023-01-11,1724,1251,125,53
2023-01-12,2330,1676,152,68
2023-01-13,2295,1734,170,68
2023-01-14,5924,4565,585,173
2023-01-15,190,126,61,11
2023-01-16,1376,992,195,52
2023-01-17,17807,13719,733,495
2023-01-18,2147,1504,218,66
2023-01-19,3404,2376,357,100
2023-01-20,17081,13152,1782,483
2023-01-21,8576,6252,336,245
2023-01-22,3232,2373,206,99
2023-01-23,1643,1161,211,53
2023-01-24,12792,9842,2034,376
2023-01-25,1973,1450,149,60
2023-01-26,11126,8483,1001,317
2023-01-27,11674,9150,739,332
2023-01-28,653,434,66,21
2023-01-29,13184,10233,1031,392
2023-01-30,23266,18269,795,672
2023-01-31,18292,13848,531,515
2023-02-01,13602,10303,693,391
2023-02-02,9709,7335,454,287
2023-02-03,18293,14205,519,505
2023-02-04,6179,4452,192,167
2023-02-05,773,514,154,30
2023-02-06,3979,2951,187,120
2023-02-07,18808,14356,753,522
2023-02-08,13725,10324,881,391
2023-02-09,15717,11594,637,430
2023-02-10,11016,8411,590,314
2023-02-11,277,184,66,12
2023-02-12,3377,2429,220,99
2023-02-13,14851,11264,930,433
2023-02-14,17314,12948,602,482
2023-02-15,20068,15456,760,560
2023-02-16,8621,6432,273,249
2023-02-17,17062,13141,1585,496
2023-02-18,1499,1116,107,46
2023-02-19,3710,2729,253,116
2023-02-20,12564,9446,852,349
2023-02-21,17050,12818,501,466
2023-02-22,11592,8691,699,332
2023-02-23,11985,9066,601,341
2023-02-24,19616,14979,1400,541
2023-02-25,11101,8486,714,308
2023-02-26,528,351,160,27
2023-02-27,12364,9483,1115,352
2023-02-28,13865,10433,1154,398
2023-03-01,10678,7975,488,300
2023-03-02,14797,11366,781,413
2023-03-03,22783,17133,3780,643
2023-03-04,6495,4900,461,186
2023-03-05,3920,2899,444,115
2023-03-06,21079,16453,1789,602
2023-03-07,11306,8508,1131,316
2023-03-08,18022,13721,3065,508
2023-03-09,17155,13006,580,472
2023-03-10,21473,15973,867,576
2023-03-11,6456,4771,513,177
2023-03-12,3211,2408,140,95
2023-03-13,14645,10876,2182,433
2023-03-14,18118,13447,1136,499
2023-03-15,17387,13286,1770,491
2023-03-16,13321,10102,781,366
2023-03-17,15160,11636,2162,450
2023-03-18,6986,5233,827,195
2023-03-19,2565,2000,108,79
2023-03-20,2203,1529,233,71
2023-03-21,14574,11095,895,410
2023-03-22,18639,14307,1083,530
2023-03-23,11309,8799,761,333
2023-03-24,9960,7472,882,276
2023-03-25,11543,8678,1524,330
2023-03-26,1550,1050,151,49
2023-03-27,14641,10999,1631,412
2023-03-28,15314,11613,1399,440
2023-03-29,17231,13176,2244,515
2023-03-30,14074,10897,604,404
2023-03-31,10678,8160,366,305
2023-04-01,6905,5182,550,203
2023-04-02,1722,1157,248,64
2023-04-03,1487,1049,144,52
2023-04-04,1950,1377,120,60
2023-04-05,7447,5466,673,220
2023-04-06,5854,4507,238,178
2023-04-07,1574,1105,181,50
2023-04-08,10361,8168,661,305
2023-04-09,2681,1904,276,86
2023-04-10,21021,15930,2246,602
2023-04-11,12974,9730,979,360
2023-04-12,18096,13726,1722,517
2023-04-13,9274,7054,737,266
2023-04-14,21258,15964,420,580
2023-04-15,7378,5437,862,208
2023-04-16,3544,2613,203,105
2023-04-17,15493,11714,1406,435
2023-04-18,16105,12124,1480,467
2023-04-19,13403,10097,1473,378
2023-04-20,15262,11751,1392,453
2023-04-21,9623,7301,1122,289
2023-04-22,6175,4499,630,172
2023-04-23,2474,1905,196,79
2023-04-24,14366,10811,1283,400
2023-04-25,16470,12436,687,458
2023-04-26,12897,10028,1216,379
2023-04-27,14453,11022,620,418
2023-04-28,18648,14024,841,503
2023-04-29,6801,5156,511,209
2023-04-30,2729,2091,160,84
2023-05-01,10185,7654,968,303
2023-05-02,10235,7752,750,302
2023-05-03,10028,7714,1314,293
2023-05-04,10113,7684,598,297
2023-05-05,19269,14187,775,533
2023-05-06,6110,4480,660,175
2023-05-07,3167,2427,240,98
2023-05-08,16619,12957,2358,494
2023-05-09,17692,13197,629,478
2023-05-10,3402,2594,80,98
2023-05-11,15362,11648,1088,463
2023-05-12,14846,11307,1513,430
2023-05-13,10800,8063,2043,315
2023-05-14,1234,839,99,37
2023-05-15,1976,1410,118,62
2023-05-16,16906,12903,1014,483
2023-05-17,12335,9219,498,339
2023-05-18,10374,7963,1746,329
2023-05-19,14119,10688,925,413
2023-05-20,6733,4968,709,200
2023-05-21,3158,2277,227,95
2023-05-22,13385,10101,873,388
2023-05-23,14202,10645,919,396
2023-05-24,10660,8028,1307,312
2023-05-25,13687,10460,1327,389
2023-05-26,13303,10134,737,385
2023-05-27,7916,5820,884,226
2023-05-28,1347,917,97,42
2023-05-29,12920,9819,1804,378
2023-05-30,12462,9405,931,362
2023-05-31,10115,7817,2698,328
2023-06-01,11889,9088,625,356
2023-06-02,9005,6969,1122,265
2023-06-03,6700,4946,512,192
2023-06-04,574,382,126,23
2023-06-05,9042,6863,970,271
2023-06-06,13646,10473,1084,409
2023-06-07,8586,6695,519,248
2023-06-08,13895,10735,1878,417
2023-06-09,15613,11844,1864,448
2023-06-10,8674,6396,1199,255
2023-06-11,6913,5294,376,205
2023-06-12,13932,10493,838,405
2023-06-13,14475,10804,1318,405
2023-06-14,11520,8739,743,341
2023-06-15,10404,7774,1139,317
2023-06-16,12873,9836,833,368
2023-06-17,6599,4816,1110,204
2023-06-18,810,539,196,37
2023-06-19,14845,11332,858,423
2023-06-20,12447,9277,1215,366
2023-06-21,10172,7684,497,292
2023-06-22,19959,15198,1039,551
2023-06-23,17044,12993,1336,488
2023-06-24,6964,5168,1081,217
2023-06-25,930,640,108,34
2023-06-26,14228,10736,1005,411
2023-06-27,12465,9382,964,366
2023-06-28,14370,11049,951,412
2023-06-29,10454,8066,587,306
2023-06-30,10645,8187,615,312
2023-07-01,7650,5786,309,222
2023-07-02,1288,872,132,44
2023-07-03,1577,1120,125,51
2023-07-04,8419,6511,517,255
2023-07-05,569,379,71,21
2023-07-06,2992,2223,193,85
2023-07-07,1855,1322,178,58
2023-07-08,12096,9156,973,336
2023-07-09,3307,2531,99,97
2023-07-10,1623,1172,194,56
2023-07-11,8591,6456,553,250
2023-07-12,1247,901,86,38
2023-07-13,791,526,180,35
2023-07-14,1759,1278,190,62
2023-07-15,10461,7846,1123,295
2023-07-16,1283,883,200,47
2023-07-17,1178,833,103,38
2023-07-18,1699,1207,127,53
2023-07-19,10128,7382,277,278
2023-07-20,13624,10203,487,366
2023-07-21,1294,932,125,41
2023-07-22,10147,7745,1050,293
2023-07-23,3942,3047,93,116
2023-07-24,12790,10065,465,364
2023-07-25,19605,15045,745,546
2023-07-26,627,417,126,28
2023-07-27,8880,6666,926,253
2023-07-28,3447,2645,517,109
2023-07-29,7798,5831,885,227
2023-07-30,808,538,198,31
2023-07-31,1790,1268,163,56
2023-08-01,6882,5117,167,184
2023-08-02,1478,1058,141,48
2023-08-03,18986,13956,1629,507
2023-08-04,1277,916,146,47
2023-08-05,7852,5774,770,225
2023-08-06,1550,1046,158,48
2023-08-07,1127,750,198,42
2023-08-08,16895,12906,1200,470
2023-08-09,10812,8400,790,315
2023-08-10,8796,6540,1018,247
2023-08-11,1793,1276,160,62
2023-08-12,10684,7812,595,291
2023-08-13,1022,680,174,38
2023-08-14,16179,12431,817,448
2023-08-15,16708,12449,757,443
2023-08-16,12655,9585,553,361
2023-08-17,8370,6468,303,246
2023-08-18,5460,4060,253,158
2023-08-19,6314,4820,1018,200
2023-08-20,2513,1859,216,78
2023-08-21,6227,4614,455,181
2023-08-22,10492,7896,908,296
2023-08-23,15133,11306,688,413
2023-08-24,11086,8640,1010,321
2023-08-25,14739,11551,279,423
2023-08-26,13928,9956,959,375
2023-08-27,2423,1839,227,78
2023-08-28,1553,1115,116,51
2023-08-29,9884,7366,728,274
2023-08-30,9530,7272,1046,270
2023-08-31,10937,8319,595,309
2023-09-01,1418,1019,123,48
2023-09-02,8267,6162,1093,238
2023-09-03,586,390,92,21
2023-09-04,5513,4334,279,169
2023-09-05,12285,9223,1348,356
2023-09-06,12324,9461,464,343
2023-09-07,9715,7480,776,288
2023-09-08,14836,10981,990,403
2023-09-09,9654,7017,777,270
2023-09-10,592,394,105,24
2023-09-11,3962,2982,169,116
2023-09-12,8585,6588,694,250
2023-09-13,11706,8981,1690,348
2023-09-14,22137,16615,1444,604
2023-09-15,6096,4630,397,171
2023-09-16,467,311,115,22
2023-09-17,864,575,209,33
2023-09-18,2007,1416,281,77
2023-09-19,9417,7251,1015,287
2023-09-20,11889,9006,1215,334
2023-09-21,15085,11205,272,410
2023-09-22,1848,1337,142,61
2023-09-23,9102,6794,590,263
2023-09-24,1216,816,155,39
2023-09-25,12941,10211,347,373
2023-09-26,10055,7747,699,293
2023-09-27,1524,1072,105,50
2023-09-28,2146,1506,136,67
2023-09-29,16353,12714,571,468
2023-09-30,7860,5863,371,224
2023-10-01,2746,2099,86,77
2023-10-02,3166,2414,309,101
2023-10-03,15279,11764,751,430
2023-10-04,12024,9446,561,355
2023-10-05,7863,6187,423,230
2023-10-06,10466,7853,305,295
2023-10-07,14763,11301,626,418
2023-10-08,3416,2585,148,98
2023-10-09,2587,1909,218,83
2023-10-10,9624,7359,1152,274
2023-10-11,9884,7628,796,294
2023-10-12,5783,4367,390,176
2023-10-13,12382,9551,583,356
2023-10-14,6663,4819,450,182
2023-10-15,489,325,96,19
2023-10-16,1706,1225,216,60
2023-10-17,1890,1354,231,61
2023-10-18,4037,2983,207,116
2023-10-19,1879,1332,157,61
2023-10-20,14183,10922,437,401
2023-10-21,9860,7577,411,284
2023-10-22,1151,797,78,40
2023-10-23,3176,2403,173,96
2023-10-24,1898,1338,167,59
2023-10-25,1729,1219,125,55
2023-10-26,13198,10081,789,367
2023-10-27,8705,6508,1217,257
2023-10-28,13992,10785,550,396
2023-10-29,10220,7628,739,291
2023-10-30,3385,2558,98,100
2023-10-31,13470,10488,958,396
2023-11-01,1468,1049,167,45
2023-11-02,17135,12765,724,465
2023-11-03,1676,1174,153,47
2023-11-04,14244,10692,563,394
2023-11-05,750,499,87,23
2023-11-06,4140,3015,124,117
2023-11-07,10594,8068,780,292
2023-11-08,14897,11497,967,427
2023-11-09,15025,11605,694,429
2023-11-10,1329,976,86,44
2023-11-11,10747,7925,718,308
2023-11-12,719,478,140,30
2023-11-13,15566,11713,1148,434
2023-11-14,657,437,128,23
2023-11-15,1570,1044,180,53
2023-11-16,1652,1099,192,51
2023-11-17,2022,1414,134,59
2023-11-18,8976,6631,475,253
2023-11-19,10516,7913,510,289
2023-11-20,2739,1879,297,86
2023-11-21,11397,8720,255,320
2023-11-22,11760,9069,926,330
2023-11-23,14520,11198,452,411
2023-11-24,11262,8585,458,314




